num_members,celery_seconds,endpoint_seconds
10,6.335329,1.958751
100,17.555922,9.485555
500,78.196763,40.560591
1000,127.083127,79.939635
